Bedrooms,Property Category,Price(Float),District
5,Duplex,35000000.0,Asokoro
6,Duplex,40000000.0,Asokoro
3,Apartment,13000000.0,Asokoro
4,Duplex,18000000.0,Guzape
4,Duplex,25000000.0,Guzape
4,Duplex,25000000.0,Asokoro
5,Duplex,60000000.0,Guzape
4,Duplex,18000000.0,Guzape
2,Apartment,12000000.0,Asokoro
1,Bungalow,5500000.0,Asokoro
5,Duplex,80000000.0,Maitama
4,Duplex,25000000.0,Asokoro
4,Duplex,20000000.0,Guzape
3,Apartment,10000000.0,Mabushi
2,Apartment,47423950.0,Mabushi
2,,47423950.0,Mabushi
4,Duplex,25000000.0,Wuse
3,Duplex,243894600.0,Asokoro
4,Duplex,25000000.0,Guzape
3,Apartment,7500000.0,Asokoro
3,Duplex,13000000.0,Asokoro
5,Duplex,65000000.0,Guzape
5,Duplex,50000000.0,Maitama
5,Duplex,35000000.0,Apo
3,,20000000.0,Maitama
4,Duplex,20000000.0,Guzape
4,Duplex,13000000.0,Guzape
5,Duplex,29000000.0,Guzape
2,Apartment,10000000.0,Durumi
5,Duplex,35000000.0,Asokoro
6,Duplex,30000000.0,Asokoro
4,Duplex,47423950.0,Guzape
4,Duplex,15000000.0,Guzape
5,Duplex,15000000.0,Guzape
3,Duplex,20000000.0,Guzape
4,Duplex,35000000.0,Jabi
,Apartment,3000000.0,Asokoro
6,Duplex,40000000.0,Asokoro
4,Duplex,35000000.0,Maitama
3,Apartment,12000000.0,Durumi
6,Duplex,50000000.0,Maitama
3,Apartment,10000000.0,Jahi
4,Duplex,30000000.0,Garki
5,Duplex,25000000.0,Gwarinpa
4,Apartment,15000000.0,Maitama
5,Duplex,20000000.0,Katampe
6,Duplex,10000000.0,Asokoro
3,Apartment,5000000.0,Life Camp
4,Duplex,35000000.0,Maitama
4,Duplex,20000000.0,Durumi
4,,15000000.0,Mabushi
4,Duplex,15000000.0,Durumi
4,Duplex,10000000.0,Life Camp
5,Duplex,15000000.0,Mabushi
4,Duplex,15000000.0,Jahi
4,Duplex,12000000.0,Jahi
4,Duplex,18000000.0,Jahi
4,Duplex,8500000000.0,Life Camp
4,Duplex,16000000.0,Jahi
4,Duplex,20000000.0,Katampe
4,Duplex,12000000.0,Mabushi
4,Duplex,14000000.0,Mabushi
4,Duplex,8500000000.0,Life Camp
4,Duplex,15000000.0,Jahi
4,Duplex,8000000.0,Life Camp
4,Apartment,25000000.0,Wuye
4,Duplex,25000000.0,Katampe
4,Duplex,10000000.0,Wuye
4,Duplex,17000000.0,Guzape
4,Duplex,15000000.0,Jahi
3,Apartment,12000000.0,Jahi
4,Duplex,13000000.0,Jahi
3,Apartment,8000000.0,Kaura
2,,7000000.0,Jahi
4,Duplex,25000000.0,Maitama
4,Duplex,15000000.0,Guzape
4,Duplex,15000000.0,Life Camp
4,Duplex,15000000.0,Mabushi
4,Duplex,12000000.0,Gwarinpa
3,,9000000.0,Jahi
4,Duplex,18000000.0,Katampe
4,Duplex,20000000.0,Katampe
4,Duplex,25000000.0,Wuye
4,Duplex,15000000.0,Asokoro
4,Duplex,18000000.0,Katampe
2,Apartment,12000000.0,Jahi
4,Duplex,10000000.0,Durumi
4,Duplex,12000000.0,Kaura
4,Duplex,25000000.0,Life Camp
4,Duplex,15000000.0,Katampe
3,Apartment,8000000.0,Jahi
3,Apartment,10500000.0,Wuye
3,Apartment,15000000.0,Maitama
4,Duplex,12000000.0,Apo
4,Duplex,25000000.0,Maitama
4,Duplex,15000000000.0,Life Camp
6,Duplex,50000000.0,Maitama
4,Duplex,16500000.0,Katampe
4,Duplex,75000000.0,Maitama
4,Duplex,15000000.0,Garki
2,Apartment,3000000.0,Life Camp
2,Apartment,7000000.0,Jahi
4,Duplex,17000000.0,Mabushi
4,Duplex,10000000.0,Life Camp
3,Apartment,7000000.0,Garki
2,Apartment,5000000.0,Durumi
5,Duplex,3500000000.0,Asokoro
4,Duplex,15000000.0,Durumi
3,Apartment,7500000.0,Wuye
2,Apartment,3500000.0,Durumi
2,Apartment,8000000.0,Lugbe
3,Apartment,8000000.0,Wuye
3,Duplex,6500000.0,Gwarinpa
4,Duplex,12000000.0,Wuse
5,Duplex,30000000.0,Asokoro
3,Apartment,6600000.0,Durumi
5,Duplex,14000000.0,Durumi
4,Duplex,8500000.0,Life Camp
4,Duplex,8000000.0,Apo
4,Duplex,12000000.0,Gwarinpa
2,Apartment,6000000.0,Idu
2,Apartment,3000000.0,Apo
1,Apartment,2200000.0,Apo
2,Apartment,6500000.0,Wuye
3,Apartment,4500000.0,Life Camp
2,Apartment,3800000.0,Durumi
,,1350000.0,Apo
,Apartment,2500000.0,Gwarinpa
,,1500000.0,Wuse
2,Apartment,2500000.0,Lugbe
,Apartment,690000.0,Lugbe
2,,2400000.0,Garki
3,Duplex,5000000.0,Life Camp
,Apartment,550000.0,Lugbe
6,Apartment,350000.0,Lugbe
,Apartment,1200000.0,Jabi
2,Apartment,4000000.0,Durumi
4,Duplex,7000000.0,Apo
2,Apartment,3800000.0,Durumi
4,Duplex,14000000.0,Apo
1,Apartment,6500000.0,Katampe
6,Duplex,40000000.0,Guzape
,Apartment,6000000.0,Katampe
,Apartment,550000.0,Lugbe
3,Apartment,10000000.0,Katampe
1,Apartment,4500000.0,Jahi
3,Duplex,7000000.0,Life Camp
3,Duplex,6500000.0,Apo
2,Duplex,6000000.0,Apo
2,Apartment,2500000.0,Lugbe
3,Apartment,200000.0,Lugbe
2,Apartment,3500000.0,Life Camp
2,Apartment,4500000.0,Life Camp
2,Apartment,5000000.0,Durumi
2,Apartment,4000000.0,Lugbe
,Apartment,1500000.0,Apo
,Apartment,1800000.0,Katampe
2,Apartment,2500000.0,Wuse
,Apartment,6000000.0,Life Camp
,Apartment,700000.0,Jahi
1,Apartment,5000000.0,Asokoro
3,Apartment,2000000.0,Lugbe
1,Apartment,2000000.0,Garki
2,Apartment,3500000.0,Durumi
2,Apartment,2500000.0,Apo
2,Apartment,5000000.0,Guzape
2,Apartment,16000000.0,Guzape
3,Apartment,4200000.0,Apo
3,Duplex,10000000.0,Mabushi
5,Duplex,20000000.0,Gwarinpa
3,Apartment,15000000.0,Utako
,Apartment,8000000.0,Jahi
3,Bungalow,5000000.0,Apo
4,Duplex,15000000.0,Wuse
19,,60000000.0,Garki
,Apartment,2500000.0,Apo
3,Duplex,12000000.0,Wuye
4,Duplex,12000000.0,Durumi
3,Duplex,5000000.0,Apo
1,Apartment,3000000.0,Life Camp
5,,300000000.0,Utako
2,Apartment,6000000.0,Katampe
4,Duplex,16000000.0,Wuye
2,Apartment,3500000.0,Durumi
2,Apartment,4000000.0,Wuse
3,Apartment,200000.0,Lugbe
,Apartment,650000.0,Lugbe
2,Apartment,5000000.0,Garki
2,Apartment,4000000.0,Lugbe
,Apartment,500000.0,Lugbe
,Apartment,1600000.0,Wuse
2,Apartment,6000000.0,Wuye
2,Apartment,4500000.0,Wuse
,Apartment,3500000.0,Wuse
1,Apartment,2500000.0,Apo
3,Apartment,3000000.0,Apo
2,Apartment,4000000.0,Durumi
6,Apartment,350000.0,Lugbe
2,Apartment,4500000.0,Gwarinpa
4,Duplex,15000000.0,Wuse
6,,30000000.0,Maitama
3,Apartment,5000000.0,Life Camp
3,Apartment,5500000.0,Wuse
2,Bungalow,4000000.0,Apo
3,Apartment,3500000.0,Lokogoma
3,Apartment,2000000.0,Lugbe
5,Duplex,6000000.0,Lugbe
3,Duplex,7000000.0,Mabushi
3,Apartment,8000000.0,Wuye
5,Duplex,13000000.0,Life Camp
4,Duplex,12000000.0,Gwarinpa
3,Apartment,200000.0,Lugbe
4,Duplex,5500000.0,Lugbe
4,Duplex,12000000.0,Mabushi
6,Apartment,180000000.0,Maitama
4,Duplex,15000000.0,Wuse
3,Apartment,6000000.0,Kaura
1,Apartment,3000000.0,Life Camp
,Apartment,550000.0,Lugbe
2,Apartment,2500000.0,Apo
,Apartment,350000.0,Lugbe
3,Bungalow,4500000.0,Lokogoma
1,Apartment,2500000.0,Garki
2,Apartment,5500000.0,Jahi
2,Apartment,4500000.0,Durumi
2,Apartment,2300000.0,Lugbe
,Apartment,2200000.0,Life Camp
2,Apartment,5000000.0,Life Camp
2,Apartment,3500000.0,Lokogoma
4,Duplex,17000000.0,Guzape
2,Apartment,6000000.0,Wuse
4,Duplex,35000000.0,Wuse
5,Duplex,35000000.0,Asokoro
4,Duplex,15000000.0,Mabushi
2,Apartment,8000000.0,Guzape
,,15000000.0,Wuse
3,Apartment,5500000.0,Kaura
4,Duplex,35000000.0,Wuse
3,Duplex,25000000.0,Mabushi
4,Duplex,75000000.0,Maitama
4,Duplex,9000000.0,Idu
3,Apartment,8000000.0,Mabushi
4,Duplex,25000000.0,Maitama
2,Apartment,4500000.0,Kaura
6,,17000000.0,Jahi
2,Apartment,4000000.0,Kaura
3,Apartment,10000000.0,Katampe
4,Duplex,25000000.0,Katampe
4,Duplex,11000000.0,Apo
3,Apartment,5000000.0,Wuse
3,Apartment,10000000.0,Jahi
4,Duplex,20000000.0,Wuse
4,Duplex,15000000.0,Mabushi
4,Apartment,50000000.0,Wuse
5,Duplex,100000000.0,Guzape
5,Duplex,25000000.0,Apo
4,Apartment,12000000.0,Guzape
4,Duplex,15000000.0,Katampe
4,Duplex,20000000.0,Katampe
40,,13000000.0,Wuse
3,Apartment,6000000.0,Idu
1,Apartment,3500000.0,Kado
6,Apartment,12500000.0,Garki
3,Duplex,10000000.0,Life Camp
4,Duplex,25000000.0,Katampe
4,Duplex,20000000.0,Katampe
4,Duplex,13000000.0,Maitama
6,Duplex,35000000.0,Katampe
3,Apartment,10000000.0,Wuye
5,Duplex,25000000.0,Katampe
6,Apartment,25000000.0,Katampe
3,Apartment,8000000.0,Jahi
4,Duplex,18000000.0,Katampe
3,Apartment,15000000.0,Maitama
2,Apartment,6500000.0,Maitama
5,Duplex,35000000.0,Katampe
4,Duplex,25000000.0,Katampe
3,Duplex,8000000.0,Gwarinpa
2,Apartment,12000000.0,Jahi
4,Duplex,25000000.0,Wuye
3,Apartment,8000000.0,Kaura
4,Duplex,10000000.0,Mabushi
4,Duplex,30000000.0,Maitama
3,Apartment,15000000.0,Utako
4,Duplex,25000000.0,Maitama
2,Apartment,12000000.0,Wuye
2,Apartment,8000000.0,Wuse
2,Apartment,8000000.0,Maitama
,Apartment,7000000.0,Idu
2,Apartment,2600000.0,Lugbe
1,Apartment,4000000.0,Gwarinpa
3,Bungalow,5000000.0,Lugbe
60,,130000.0,Garki
70,,15000000.0,Wuse
3,Apartment,18000000.0,Jabi
1,Apartment,7500000.0,Jabi
1,Apartment,3000000.0,Lokogoma
,,20000000.0,Utako
4,Duplex,35000000.0,Gwarinpa
5,Duplex,14000000.0,Apo
3,Apartment,7000000.0,Life Camp
3,Apartment,9500000.0,Mabushi
,Apartment,1600000.0,Gwarinpa
4,Duplex,15000000.0,Guzape
4,Duplex,12000000.0,Apo
,,8000000.0,Wuse
1,Apartment,2000000.0,Gwarinpa
5,Duplex,25000000.0,Guzape
5,Duplex,15000000.0,Guzape
,Apartment,1500000.0,Gwarinpa
,,1600000.0,Gwarinpa
1,Apartment,6000000.0,Maitama
3,Apartment,12500000.0,Wuse
2,Duplex,15000000.0,Asokoro
,,1300000.0,Gwarinpa
,Apartment,1500000.0,Gwarinpa
1,Apartment,4000000.0,Wuse
3,Apartment,12000000.0,Wuse
3,Apartment,12000000.0,Guzape
3,Apartment,10000000.0,Asokoro
2,Apartment,6000000.0,Katampe
1,Apartment,2500000.0,Gwarinpa
2,Bungalow,9500000.0,Maitama
3,Apartment,12500000.0,Maitama
4,Duplex,35000000.0,Maitama
,,2300000.0,Garki
,Apartment,1200000.0,Gwarinpa
,,1500000.0,Gwarinpa
,Apartment,1500000.0,Wuse
5,Duplex,150000000.0,Asokoro
,Apartment,1000000.0,Gwarinpa
3,Apartment,9000000.0,Guzape
2,Apartment,7000000.0,Guzape
1,Apartment,4000000.0,Wuye
3,Apartment,8000000.0,Katampe
4,Duplex,15000000.0,Life Camp
5,Duplex,20000000.0,Guzape
5,Duplex,30000000.0,Guzape
4,Duplex,30000000.0,Maitama
4,Duplex,18000000.0,Guzape
4,Duplex,12000000.0,Guzape
1,Apartment,5000000.0,Asokoro
4,Duplex,12000000.0,Guzape
4,Duplex,15000000.0,Mabushi
3,Apartment,15000000.0,Guzape
,,1500000.0,Gwarinpa
2,Apartment,4000000.0,Kaura
2,Apartment,10000000.0,Asokoro
2,Apartment,5000000.0,Life Camp
,,2500000.0,Wuse
3,Apartment,15000000.0,Maitama
2,Apartment,7000000.0,Katampe
,,4500000.0,Wuse
,,3960000.0,Wuse
4,Duplex,15000000.0,Guzape
3,Apartment,8000000.0,Jahi
,Apartment,2500000.0,Asokoro
1,Apartment,6500000.0,Asokoro
2,Apartment,7000000.0,Guzape
3,Apartment,8000000.0,Mabushi
1,Apartment,4500000.0,Wuye
4,Duplex,20000000.0,Gwarinpa
,,7000000.0,Wuse
2,Apartment,7000000.0,Maitama
,,1200000.0,Gwarinpa
6,Duplex,30000000.0,Asokoro
,,1500000.0,Gwarinpa
9,Duplex,70000000.0,Asokoro
1,Apartment,2500000.0,Gwarinpa
,,5000000.0,Guzape
4,Duplex,15000000.0,Guzape
5,Duplex,10000000.0,Guzape
4,Duplex,8000000.0,Life Camp
1,Apartment,2500000.0,Wuse
3,Apartment,8000000.0,Guzape
,,1500000.0,Gwarinpa
3,Apartment,8500000.0,Mabushi
,Apartment,1300000.0,Gwarinpa
,,1500000.0,Gwarinpa
,,1500000.0,Gwarinpa
2,Apartment,6000000.0,Life Camp
,,1700000.0,Gwarinpa
7,Duplex,100000000.0,Asokoro
,Apartment,1300000.0,Gwarinpa
5,Duplex,30000000.0,Apo
2,Apartment,7000000.0,Maitama
4,Duplex,25000000.0,Maitama
4,Duplex,30000000.0,Katampe
3,Apartment,8000000.0,Jahi
3,Apartment,5000000.0,Katampe
5,Duplex,20000000.0,Katampe
3,Apartment,7000000.0,Durumi
3,Apartment,19000000.0,Maitama
198,,250000.0,Wuse
4,Duplex,15000000.0,Life Camp
4,Duplex,17000000.0,Guzape
2,Apartment,15000000.0,Jabi
3,Bungalow,6500000.0,Gwarinpa
2,Apartment,3800000.0,Durumi
,,1300000.0,Gwarinpa
4,Duplex,15000000.0,Mabushi
5,Duplex,20000000.0,Gwarinpa
3,Apartment,19000000.0,Maitama
3,Apartment,40000000.0,Wuse
2,Apartment,20000000.0,Maitama
3,Apartment,8000000.0,Kaura
,Apartment,800000.0,Lokogoma
3,Apartment,9000000.0,Durumi
6,Duplex,25000000.0,Maitama
3,Apartment,8000000.0,Mabushi
4,Duplex,7000000.0,Life Camp
2,Apartment,4500000.0,Life Camp
2,Apartment,6000000.0,Life Camp
4,Duplex,15000000.0,Life Camp
2,Apartment,5000000.0,Jahi
4,Duplex,18000000.0,Life Camp
3,Duplex,6500000.0,Gwarinpa
4,Duplex,7000000.0,Life Camp
3,Apartment,6000000.0,Life Camp
2,Apartment,3500000.0,Idu
,Apartment,1900000.0,Katampe
4,Duplex,25000000.0,Wuse
3,,35000000.0,Jabi
2,Apartment,12000000.0,Jahi
3,Apartment,7000000.0,Gwarinpa
4,Duplex,12000000.0,Gwarinpa
,Apartment,1900000.0,Katampe
2,Apartment,13000000.0,Katampe
2,Apartment,3000000.0,Life Camp
2,Apartment,4500000.0,Life Camp
2,Apartment,2800000.0,Gwarinpa
4,Duplex,30000000.0,Wuse
4,Duplex,8000000.0,Life Camp
4,Duplex,7000000.0,Life Camp
4,Duplex,8500000.0,Life Camp
4,Duplex,10000000.0,Life Camp
4,Duplex,8000000.0,Gwarinpa
3,Apartment,6000000.0,Jahi
2,Apartment,4500000.0,Life Camp
2,Apartment,3500000.0,Life Camp
,Apartment,1900000.0,Katampe
,Apartment,800000.0,Lugbe
5,Duplex,7000000.0,Lugbe
4,Duplex,6500000.0,Lugbe
2,Apartment,2000000.0,Lugbe
2,Apartment,4000000.0,Lugbe
4,Duplex,18000000.0,Katampe
4,Duplex,8000000.0,Lugbe
,Apartment,800000.0,Lugbe
,Apartment,700000.0,Lugbe
4,Duplex,12000000.0,Lugbe
,Apartment,700000.0,Lugbe
2,Apartment,3000000.0,Lugbe
2,Bungalow,2500000.0,Lugbe
2,Apartment,6000000.0,Lugbe
3,Apartment,6500000.0,Life Camp
4,Duplex,11000000.0,Kado
3,Apartment,4500000.0,Lugbe
2,Apartment,2500000.0,Lugbe
1,Apartment,1500000.0,Lugbe
18,,90000000.0,Lugbe
2,Apartment,3500000.0,Lugbe
2,Apartment,5000000.0,Lugbe
2,Apartment,2500000.0,Lugbe
2,Apartment,2800000.0,Lugbe
2,Apartment,2500000.0,Lugbe
3,Duplex,6000000.0,Lugbe
,Apartment,2000000.0,Lugbe
4,Duplex,6000000.0,Lugbe
3,Apartment,4000000.0,Lugbe
3,Apartment,3500000.0,Lugbe
2,Apartment,3500000.0,Lugbe
4,Duplex,6500000.0,Apo
1,Apartment,2500000.0,Kaura
,Apartment,2500000.0,Lokogoma
4,Duplex,16000000.0,Guzape
4,Duplex,10000000.0,Guzape
4,Duplex,27099400.0,Guzape
4,Duplex,13000000.0,Guzape
3,Duplex,15000000.0,Asokoro
4,Duplex,17000000.0,Asokoro
4,Duplex,19000000.0,Asokoro
2,Apartment,28000000.0,Garki
3,Apartment,33874250.0,Maitama
7,Duplex,120000000.0,Guzape
5,Duplex,25000000.0,Guzape
4,Duplex,50000000.0,Asokoro
8,Duplex,60000000.0,Asokoro
4,Duplex,25000000.0,Asokoro
6,Apartment,150000000.0,Garki
4,Duplex,15000000.0,Guzape
4,Duplex,25000000.0,Guzape
4,Duplex,65000000.0,Maitama
3,Apartment,40649100.0,Asokoro
5,Duplex,1700000000.0,Katampe
2,Apartment,36584190.0,Jabi
4,Duplex,11500000.0,Life Camp
4,Duplex,25000000.0,Guzape
5,Duplex,120000000.0,Asokoro
4,Duplex,25000000.0,Asokoro
3,Apartment,50133890.0,Maitama
4,Duplex,15000000.0,Guzape
4,Duplex,17000000.0,Guzape
4,Duplex,15000000.0,Asokoro
4,Duplex,13000000.0,Guzape
5,Duplex,36584190.0,Guzape
4,Duplex,40649100.0,Wuse
4,Duplex,12000000.0,Guzape
4,Duplex,15000000.0,Guzape
4,Duplex,15000000.0,Guzape
4,Duplex,121947300.0,Maitama
4,Duplex,14000000.0,Guzape
4,Duplex,20000000.0,Katampe
7,Duplex,130000000.0,Asokoro
7,Duplex,90000000.0,Asokoro
7,Duplex,2500000000.0,Guzape
,,96000000.0,Wuse
,Duplex,100000000.0,Maitama
,,10000000.0,Jabi
4,Duplex,15000000.0,Guzape
2,Apartment,6500000.0,Wuye
,,60000.0,Idu
,,240000000.0,Lokogoma
,,2325000.0,Garki
,,48000000.0,Wuse
4,Duplex,10000000.0,Mabushi
,,135000000.0,Maitama
,Duplex,60000000.0,Maitama
4,Duplex,26000000.0,Jahi
4,Duplex,26000000.0,Jahi
2,Apartment,13000000.0,Jahi
,,6000000.0,Gwarinpa
,,8000000.0,Gwarinpa
,Duplex,180000000.0,Maitama
,,130000000.0,Maitama
,,60000.0,Idu
,,192000000.0,Wuse
,,5500000.0,Jabi
4,Duplex,12000000.0,Gwarinpa
4,Apartment,10000000.0,Guzape
,,135000000.0,Maitama
,,13000000.0,Apo
,,6000000.0,Gwarinpa
,,20866000.0,Wuse
3,Apartment,4500000.0,Kaura
4,Duplex,7000000.0,Lokogoma
4,Duplex,12000000.0,Guzape
4,Duplex,22000000.0,Katampe
4,Duplex,9000000.0,Lugbe
4,Duplex,13000000.0,Mabushi
2,Apartment,120000000.0,Mabushi
4,Duplex,25000000.0,Maitama
3,Apartment,10000000.0,Mabushi
,,60000000.0,Garki
2,Duplex,15000000.0,Asokoro
3,Apartment,9000000.0,Guzape
4,Duplex,30000000.0,Jabi
4,Duplex,40000000.0,Guzape
2,Apartment,25000000.0,Maitama
2,Apartment,10000000.0,Mabushi
2,Apartment,12000000.0,Maitama
,,1750000.0,Gwarinpa
4,Duplex,30000000.0,Wuse
6,Apartment,150000000.0,Maitama
4,Duplex,18000000.0,Katampe
,,4500000.0,Gwarinpa
2,Apartment,3500000.0,Life Camp
2,Apartment,5000000.0,Gwarinpa
,,25000000.0,Gwarinpa
3,Bungalow,8000000.0,Gwarinpa
4,Duplex,12000000.0,Gwarinpa
2,Apartment,4500000.0,Gwarinpa
,Apartment,1500000.0,Gwarinpa
,Apartment,1500000.0,Gwarinpa
2,Apartment,3500000.0,Life Camp
3,Bungalow,8000000.0,Gwarinpa
,,4500000.0,Gwarinpa
3,Bungalow,8000000.0,Gwarinpa
3,Apartment,7500000.0,Gwarinpa
,,6000000.0,Gwarinpa
,Apartment,1600000.0,Gwarinpa
4,Duplex,10000000.0,Gwarinpa
4,Duplex,8000000.0,Gwarinpa
,,12000000.0,Gwarinpa
2,Apartment,3500000.0,Gwarinpa
2,Apartment,4000000.0,Gwarinpa
3,Apartment,15000000.0,Maitama
5,Duplex,30000000.0,Guzape
4,Duplex,8000000.0,Idu
3,Apartment,40000000.0,Maitama
3,Apartment,35000000.0,Maitama
,Duplex,30000000.0,Asokoro
4,Duplex,15000000.0,Life Camp
2,Apartment,3000000.0,Life Camp
4,Duplex,13000000.0,Life Camp
3,Duplex,6500000.0,Life Camp
3,Apartment,6500000.0,Life Camp
3,Apartment,5000000.0,Life Camp
2,Duplex,5500000.0,Life Camp
4,Duplex,13000000.0,Asokoro
3,Duplex,5000000.0,Life Camp
5,Duplex,8000000.0,Idu
3,Apartment,5000000.0,Life Camp
2,Apartment,2300000.0,Lugbe
,,3500000.0,Life Camp
5,Duplex,15000000.0,Idu
4,Duplex,15000000.0,Mabushi
2,Apartment,13000000.0,Maitama
4,Duplex,10000000.0,Mabushi
4,Apartment,54198800.0,Jabi
,Apartment,20324550.0,Jabi
45,,2400000.0,Wuse
40,,1500000.0,Garki
24,,200000000.0,Guzape
6,Duplex,35000000.0,Katampe
4,Duplex,13000000.0,Jahi
,,15000000.0,Wuse
,,55300000.0,Wuse
8,Apartment,120000000.0,Asokoro
58,,14500000.0,Wuse
100,,30000000.0,Wuse
6,Duplex,270994000.0,Maitama
78,,19500000.0,Wuse
4,Duplex,81298200.0,Maitama
60,Apartment,11000000.0,Wuse
4,Duplex,35000000.0,Wuse
2,Apartment,26000000.0,Maitama
3,Duplex,7500000.0,Apo
,Apartment,1200000.0,Garki
3,Apartment,12000000.0,Jahi
4,Duplex,20000000.0,Wuye
4,Duplex,18000000.0,Jahi
2,Duplex,11000000.0,Jahi
3,Duplex,9000000.0,Gwarinpa
2,Apartment,4000000.0,Lugbe
2,Apartment,6000000.0,Katampe
5,Duplex,30000000.0,Wuye
3,Apartment,9000000.0,Jahi
4,Duplex,15000000.0,Wuye
,,1500000.0,Gwarinpa
3,Duplex,7000000.0,Gwarinpa
3,Duplex,10000000.0,Gwarinpa
3,Duplex,7000000.0,Gwarinpa
5,Duplex,70000000.0,Maitama
4,Duplex,25000000.0,Asokoro
3,Apartment,10000000.0,Guzape
2,Apartment,6000000.0,Utako
4,Duplex,23000000.0,Maitama
2,Apartment,6000000.0,Jabi
6,Apartment,10000000.0,Guzape
4,Duplex,15000000.0,Maitama
3,Duplex,10000000.0,Life Camp
4,Duplex,40000000.0,Wuse
5,Apartment,15000000.0,Lugbe
4,Duplex,25000000.0,Life Camp
4,,15000000.0,Gwarinpa
4,Duplex,10000000.0,Lugbe
4,Duplex,20000000.0,Life Camp
2,Apartment,6000000.0,Life Camp
4,Apartment,15000000.0,Guzape
4,Duplex,18000000.0,Jahi
4,Duplex,15000000.0,Wuye
4,Duplex,25000000.0,Katampe
4,Duplex,10000000.0,Kado
4,Duplex,25000000.0,Katampe
4,Duplex,8000000.0,Life Camp
4,Duplex,13000000.0,Life Camp
3,Apartment,30000000.0,Guzape
4,Duplex,18500000.0,Maitama
4,Duplex,10000000.0,Gwarinpa
4,Duplex,20000000.0,Katampe
2,Apartment,17000000.0,Wuse
4,Duplex,10000000.0,Jabi
4,Duplex,40000000.0,Wuse
4,Duplex,15000000.0,Jabi
4,Duplex,25000000.0,Katampe
4,Duplex,16000000.0,Katampe
4,Duplex,15000000.0,Jahi
4,Duplex,15000000.0,Katampe
4,Duplex,9000000.0,Jabi
,,6000000.0,Gwarinpa
4,Duplex,17000000.0,Jahi
4,Duplex,20000000.0,Katampe
4,Duplex,7000000.0,Life Camp
4,Duplex,15000000.0,Jahi
4,Duplex,7000000.0,Life Camp
4,Duplex,12000000.0,Jahi
4,Duplex,60000000.0,Maitama
4,Duplex,40000000.0,Asokoro
4,Duplex,17000000.0,Katampe
4,Duplex,13000000.0,Jahi
3,Bungalow,2000000.0,Lugbe
4,Duplex,14000000.0,Apo
4,Duplex,15000000.0,Apo
4,Apartment,14000000.0,Life Camp
7,Duplex,60000000.0,Maitama
4,,20000000.0,Wuse
4,Duplex,20000000.0,Durumi
5,Duplex,30000000.0,Wuye
3,Apartment,13000000.0,Jahi
2,Apartment,6000000.0,Jahi
2,Duplex,11000000.0,Jahi
4,Duplex,15000000.0,Jahi
4,Duplex,50000000.0,Maitama
4,Duplex,20000000.0,Wuye
4,Duplex,15000000.0,Wuye
1,Apartment,3800000.0,Gwarinpa
2,Apartment,4000000.0,Lugbe
3,Duplex,15000000.0,Gwarinpa
4,Apartment,20000000.0,Asokoro
6,Duplex,50000000.0,Maitama
4,Duplex,15000000.0,Jahi
4,Apartment,35000000.0,Guzape
3,Apartment,40000000.0,Wuse
4,Duplex,15000000.0,Mabushi
3,Apartment,40000000.0,Wuse
,,30000000.0,Guzape
,,199000.0,Wuse
4,Apartment,170000.0,Gwarinpa
4,Duplex,5000000.0,Life Camp
5,Duplex,25000000.0,Guzape
5,Duplex,20000000.0,Katampe
4,Duplex,25000000.0,Maitama
3,Bungalow,6000000.0,Gwarinpa
4,Duplex,18000000.0,Wuye
5,Duplex,30000000.0,Wuye
5,Duplex,8000000.0,Idu
2,Apartment,16000000.0,Guzape
3,Apartment,18000000.0,Katampe
5,Duplex,30000000.0,Guzape
3,Apartment,8000000.0,Guzape
3,Apartment,10000000.0,Jahi
3,Duplex,6000000.0,Lokogoma
3,Apartment,6000000.0,Garki
7,Duplex,50000000.0,Gwarinpa
2,Duplex,15000000.0,Asokoro
2,Apartment,3000000.0,Life Camp
3,Duplex,12000000.0,Jahi
5,Duplex,20000000.0,Katampe
3,Apartment,5000000.0,Life Camp
3,Apartment,10000000.0,Jahi
4,Duplex,15000000.0,Jahi
3,Apartment,12000000.0,Jahi
1,Apartment,2500000.0,Katampe
4,Duplex,14000000.0,Jahi
3,Apartment,10000000.0,Mabushi
3,Apartment,7000000.0,Jahi
4,Duplex,15000000.0,Mabushi
4,Duplex,15000000.0,Jahi
3,Apartment,8500000.0,Katampe
4,Duplex,18000000.0,Jahi
3,Apartment,12000000.0,Jahi
4,Duplex,8000000.0,Gwarinpa
2,Apartment,20000000.0,Katampe
2,Apartment,9000000.0,Life Camp
1,Apartment,7000000.0,Life Camp
4,Duplex,30000000.0,Katampe
4,Duplex,25000000.0,Katampe
3,Apartment,10000000.0,Jahi
4,Duplex,35000000.0,Guzape
4,,280000000.0,Apo
2,Apartment,9000000.0,Guzape
2,Apartment,25000000.0,Maitama
2,Apartment,3000000.0,Apo
2,Apartment,10000000.0,Gwarinpa
4,Duplex,25000000.0,Wuse
4,Apartment,7500000.0,Life Camp
58,,12000000.0,Wuse
4,Duplex,30000000.0,Wuse
4,Duplex,19000000.0,Katampe
4,Duplex,19000000.0,Katampe
3,Apartment,5000000.0,Life Camp
2,Apartment,4000000.0,Mabushi
3,Apartment,9000000.0,Jahi
3,Apartment,10000000.0,Katampe
4,Duplex,15000000.0,Guzape
4,Duplex,20000000.0,Asokoro
4,Duplex,30000000.0,Asokoro
,Apartment,900000.0,Lokogoma
4,Duplex,9000000.0,Gwarinpa
2,Apartment,20000000.0,Katampe
54,,2500000.0,Utako
3,Duplex,7000000.0,Maitama
4,Duplex,12000000.0,Mabushi
5,Duplex,25000000.0,Gwarinpa
4,Duplex,12000000.0,Life Camp
4,,12000000.0,Lugbe
2,Apartment,7000000.0,Jahi
2,Apartment,3000000.0,Apo
2,,15000000.0,Jabi
4,Duplex,15000000.0,Mabushi
2,Apartment,3500000.0,Maitama
3,Apartment,10000000.0,Jahi
4,Duplex,12000000.0,Mabushi
2,Apartment,5000000.0,Life Camp
2,Apartment,20000000.0,Katampe
2,Apartment,6000000.0,Katampe
,Apartment,2750000.0,Durumi
4,Duplex,12000000.0,Utako
4,Duplex,11500000.0,Life Camp
4,Duplex,25000000.0,Guzape
4,Duplex,15000000.0,Wuye
4,Apartment,12000000.0,Durumi
4,Duplex,10000000.0,Jabi
4,Duplex,25000000.0,Maitama
4,Duplex,15000000.0,Guzape
4,Duplex,12000000.0,Guzape
4,Duplex,7500000.0,Apo
4,Duplex,15000000.0,Guzape
4,Duplex,11500000.0,Life Camp
4,Duplex,15000000.0,Guzape
4,Duplex,15000000.0,Katampe
4,Duplex,15000000.0,Wuye
4,Duplex,20000000.0,Guzape
4,Duplex,10000000.0,Durumi
4,Duplex,25000000.0,Wuye
4,Duplex,5000000.0,Life Camp
4,Duplex,9000000.0,Jabi
4,Duplex,10000000.0,Durumi
4,Duplex,11000000.0,Katampe
4,Duplex,9000000.0,Jahi
4,Duplex,15000000.0,Guzape
4,Duplex,25000000.0,Asokoro
4,Duplex,13000000.0,Life Camp
4,Duplex,15000000.0,Jabi
4,Duplex,10000000.0,Mabushi
4,Duplex,12000000.0,Guzape
4,Duplex,11500000.0,Life Camp
,,250000000.0,Wuye
4,Duplex,25000000.0,Katampe
4,Duplex,13500000.0,Asokoro
4,Duplex,12000000.0,Jahi
4,Duplex,10000000.0,Lugbe
4,Duplex,8500000.0,Jahi
4,Duplex,12000000.0,Guzape
4,Duplex,15000000.0,Guzape
4,Duplex,6500000.0,Gwarinpa
4,Duplex,15000000.0,Jabi
4,Duplex,10000000.0,Life Camp
4,Duplex,25000000.0,Wuye
4,Duplex,15000000.0,Guzape
4,Duplex,15000000.0,Katampe
4,Duplex,12000000.0,Jahi
4,Duplex,15000000.0,Guzape
4,Duplex,15000000.0,Guzape
4,Duplex,10000000.0,Jahi
4,Duplex,12000000.0,Durumi
4,Duplex,15000000.0,Jabi
4,Duplex,12000000.0,Guzape
4,Duplex,17000000.0,Asokoro
4,Duplex,15000000.0,Guzape
4,Bungalow,4500000.0,Apo
4,Duplex,15000000.0,Guzape
4,Duplex,25000000.0,Wuye
4,Duplex,18000000.0,Wuye
,,20000000.0,Garki
3,Duplex,75000000.0,Maitama
4,Duplex,15000000.0,Apo
4,Duplex,35000000.0,Wuse
4,Duplex,35000000.0,Katampe
,,5500000.0,Jabi
,,75000000.0,Mabushi
4,Duplex,60000000.0,Maitama
4,Duplex,20000000.0,Katampe
4,Duplex,12000000.0,Jahi
6,Duplex,45000000.0,Gwarinpa
4,Duplex,20000000.0,Life Camp
4,Duplex,15000000.0,Katampe
4,Duplex,20000000.0,Guzape
5,Duplex,15000000.0,Apo
4,Duplex,10000000.0,Apo
4,Duplex,15000000.0,Gwarinpa
4,Duplex,13000000.0,Life Camp
4,Duplex,20000000.0,Katampe
4,Duplex,18000000.0,Utako
4,Duplex,10000000.0,Idu
4,Duplex,12000000.0,Jahi
5,Duplex,20000000.0,Katampe
4,Duplex,10000000.0,Apo
4,Duplex,30000000.0,Katampe
4,Duplex,15000000.0,Life Camp
4,Duplex,7000000.0,Jahi
4,Duplex,10000000.0,Jahi
4,Duplex,12000000.0,Jahi
4,Duplex,8000000.0,Kaura
4,Bungalow,7000000.0,Gwarinpa
4,Duplex,15000000.0,Jahi
4,Duplex,15000000.0,Lokogoma
6,Duplex,30000000.0,Katampe
4,Duplex,12000000.0,Jahi
4,Duplex,9000000.0,Gwarinpa
4,Duplex,12000000.0,Life Camp
4,Duplex,35000000.0,Jabi
3,Apartment,8000000.0,Kado
3,Apartment,10000000.0,Jahi
3,Apartment,6500000.0,Jahi
5,Duplex,30000000.0,Mabushi
5,Duplex,20000000.0,Guzape
2,Apartment,7000000.0,Katampe
5,Duplex,17000000.0,Katampe
4,Duplex,60000000.0,Maitama
3,Apartment,9000000.0,Katampe
3,Apartment,6000000.0,Mabushi
2,Apartment,7000000.0,Jahi
4,Duplex,11000000.0,Jahi
4,Duplex,35000000.0,Wuse
4,Duplex,15000000.0,Guzape
6,Duplex,50000000.0,Maitama
4,Duplex,12000000.0,Gwarinpa
4,Duplex,13000000.0,Apo
4,Duplex,370000000.0,Life Camp
900,,100000.0,Wuse
3,Apartment,8000000.0,Jahi
4,Duplex,40000000.0,Asokoro
2,Apartment,5000000.0,Jahi
5,Apartment,35000000.0,Katampe
5,Duplex,20000000.0,Apo
3,Duplex,10000000.0,Kado
4,Duplex,12000000.0,Jahi
4,Duplex,50000000.0,Maitama
4,Duplex,15000000.0,Jabi
6,Duplex,50000000.0,Maitama
4,Duplex,20000000.0,Wuse
5,Duplex,30000000.0,Katampe
3,Apartment,8500000.0,Utako
3,Apartment,12000000.0,Wuse
4,Duplex,8000000.0,Apo
4,Duplex,25000000.0,Life Camp
4,Duplex,15000000.0,Life Camp
2,Apartment,15000000.0,Wuye
4,Duplex,30000000.0,Maitama
4,Duplex,10000000.0,Jabi
4,Duplex,35000000.0,Maitama
4,Duplex,20000000.0,Mabushi
4,Duplex,9000000.0,Idu
,,130.0,Wuse
3,Apartment,6000000.0,Life Camp
3,Apartment,7000000.0,Idu
4,Duplex,25000000.0,Maitama
6,Duplex,15000000.0,Durumi
3,Apartment,11500000.0,Jahi
2,Apartment,5000000.0,Life Camp
3,Apartment,7000000.0,Idu
120,,7000000.0,Wuye
5,Duplex,6000000.0,Lugbe
4,Duplex,15000000.0,Katampe
4,Duplex,12000000.0,Utako
3,Duplex,3500000.0,Lugbe
2,Apartment,7000000.0,Idu
3,Apartment,6000000.0,Life Camp
3,Apartment,9000000.0,Jahi
2,Apartment,7000000.0,Maitama
5,Duplex,7000000.0,Lugbe
3,Apartment,8500000.0,Mabushi
4,Duplex,28000000.0,Wuse
3,Duplex,25000000.0,Wuse
3,,10000000.0,Wuse
4,Duplex,25000000.0,Maitama
5,Duplex,6000000.0,Lugbe
1,Apartment,2500000.0,Lokogoma
1,Apartment,2500000.0,Lokogoma
,,30000000.0,Wuse
,Apartment,1000000.0,Gwarinpa
,Apartment,800000.0,Gwarinpa
4,Duplex,40000000.0,Asokoro
4,Duplex,16000000.0,Asokoro
4,Duplex,20000000.0,Guzape
,Apartment,1700000.0,Gwarinpa
4,Duplex,16000000.0,Guzape
4,Duplex,18000000.0,Utako
5,Duplex,10000000.0,Idu
4,Duplex,35000000.0,Gwarinpa
6,Duplex,50000000.0,Asokoro
,,4500000.0,Jabi
,,130000000.0,Wuse
,Apartment,1500000.0,Gwarinpa
4,Duplex,13000000.0,Guzape
,Apartment,1000000.0,Gwarinpa
4,Duplex,11000000.0,Gwarinpa
4,Duplex,5500000.0,Life Camp
1,Apartment,1000000.0,Gwarinpa
,,300000000.0,Utako
1,Apartment,3000000.0,Gwarinpa
,Apartment,1000000.0,Gwarinpa
4,Duplex,20000000.0,Guzape
,,12000000.0,Gwarinpa
4,Duplex,15000000.0,Guzape
,Apartment,1300000.0,Gwarinpa
,Apartment,1000000.0,Gwarinpa
,Apartment,1400000.0,Gwarinpa
,Apartment,1500000.0,Life Camp
,Apartment,1500000.0,Gwarinpa
,,3000000.0,Gwarinpa
4,Duplex,18000000.0,Guzape
2,Apartment,5000000.0,Garki
4,Apartment,8000000.0,Gwarinpa
1,Apartment,4000000.0,Jahi
,Apartment,1500000.0,Life Camp
,,2600000.0,Asokoro
,Apartment,1000000.0,Gwarinpa
5,Duplex,25000000.0,Guzape
2,Apartment,6500000.0,Mabushi
,Apartment,1200000.0,Gwarinpa
,Apartment,1300000.0,Gwarinpa
,,1100000.0,Gwarinpa
,Apartment,3000000.0,Asokoro
,Apartment,2000000.0,Gwarinpa
,Apartment,1300000.0,Gwarinpa
,Apartment,1800000.0,Wuye
,,2000000.0,Wuye
2,Apartment,4000000.0,Gwarinpa
,Apartment,2500000.0,Wuse
3,Apartment,4500000.0,Life Camp
,Apartment,2000000.0,Wuse
,Apartment,1700000.0,Wuye
,,1800000.0,Wuse
2,Apartment,4000000.0,Idu
,Apartment,2000000.0,Wuye
1,Apartment,3500000.0,Wuse
1,Apartment,3000000.0,Life Camp
,,15000000.0,Garki
,Apartment,1500000.0,Gwarinpa
3,Apartment,8000000.0,Wuye
4,Duplex,9000000.0,Idu
,Apartment,1500000.0,Gwarinpa
6,Duplex,700000009.0,Life Camp
,Apartment,1700000.0,Gwarinpa
4,Duplex,13000000.0,Guzape
,Apartment,1600000.0,Gwarinpa
4,Duplex,15000000.0,Wuse
3,Apartment,10000000.0,Garki
,Apartment,1600000.0,Gwarinpa
,Apartment,1700000.0,Gwarinpa
4,Duplex,20000000.0,Wuse
4,Duplex,20000000.0,Guzape
4,Duplex,25000000.0,Asokoro
4,Duplex,4500000.0,Life Camp
,,1300000.0,Gwarinpa
4,Duplex,8000000.0,Garki
4,Duplex,13000000.0,Asokoro
,Apartment,1500000.0,Gwarinpa
6,Duplex,50000000.0,Maitama
4,Apartment,10000000.0,Garki
4,Duplex,15000000.0,Asokoro
1,Apartment,8000000.0,Asokoro
3,Apartment,6000000.0,Kaura
,Apartment,1300000.0,Gwarinpa
,,5000000.0,Gwarinpa
3,Apartment,10000000.0,Guzape
4,Duplex,15000000.0,Wuse
,,3240000.0,Jabi
,,300000000.0,Wuse
4,Duplex,35000000.0,Wuse
4,Duplex,25000000.0,Asokoro
4,Duplex,15000000.0,Asokoro
,Apartment,1200000.0,Gwarinpa
,Apartment,1400000.0,Gwarinpa
4,Duplex,20000000.0,Wuse
,Apartment,1250000.0,Gwarinpa
,Apartment,1300000.0,Gwarinpa
,Apartment,1300000.0,Gwarinpa
,Apartment,1400000.0,Gwarinpa
2,Apartment,6500000.0,Wuye
2,Bungalow,3500000.0,Gwarinpa
3,Bungalow,8000000.0,Life Camp
,Apartment,1500000.0,Gwarinpa
,Apartment,1200000.0,Gwarinpa
,Apartment,1500000.0,Gwarinpa
4,Duplex,25000000.0,Asokoro
,Apartment,1000000.0,Gwarinpa
3,Apartment,5000000.0,Katampe
7,Duplex,130000000.0,Asokoro
4,Duplex,12000000.0,Guzape
,,2300000.0,Asokoro
2,Apartment,6500000.0,Life Camp
,Apartment,1800000.0,Gwarinpa
,,1900000.0,Mabushi
,Apartment,3500000.0,Garki
,,3500000.0,Guzape
,Apartment,2000000.0,Wuye
,Apartment,2900000.0,Garki
,Apartment,5000000.0,Asokoro
,Apartment,1500000.0,Wuse
1,Apartment,2000000.0,Gwarinpa
,Apartment,1500000.0,Wuye
,Apartment,2500000.0,Asokoro
4,Duplex,12000000.0,Guzape
,Apartment,1000000.0,Gwarinpa
,,2000000.0,Asokoro
2,Bungalow,10000000.0,Asokoro
5,Duplex,25000000.0,Gwarinpa
4,Duplex,12000000.0,Guzape
,Apartment,1600000.0,Gwarinpa
4,Duplex,15000000.0,Guzape
,Apartment,1300000.0,Gwarinpa
4,Duplex,4500000.0,Life Camp
,,1300000.0,Gwarinpa
4,Duplex,15000000.0,Katampe
,,4500000.0,Gwarinpa
,,18000000.0,Wuse
,,7000000.0,Wuse
4,Duplex,18000000.0,Guzape
4,Duplex,19000000.0,Utako
,Apartment,1800000.0,Gwarinpa
,Apartment,1000000.0,Gwarinpa
,Apartment,1500000.0,Gwarinpa
4,Duplex,15000000.0,Asokoro
4,Duplex,7500000.0,Life Camp
,,7500000.0,Garki
4,Duplex,12000000.0,Garki
3,Apartment,10000000.0,Jahi
3,Apartment,9000000.0,Asokoro
2,Apartment,7000000.0,Jahi
3,Apartment,10000000.0,Wuye
5,Duplex,30000000.0,Maitama
3,Bungalow,7500000.0,Wuse
,,7000000.0,Garki
,,30000000.0,Wuse
4,Duplex,12000000.0,Mabushi
,,10000000.0,Wuse
,,8000000.0,Wuse
4,Duplex,12000000.0,Gwarinpa
,Apartment,2000000.0,Gwarinpa
4,Duplex,10000000.0,Garki
1,Apartment,3500000.0,Utako
,,1000000.0,Gwarinpa
1,Apartment,4500000.0,Utako
1,Apartment,6000000.0,Maitama
3,Apartment,7500000.0,Asokoro
4,Duplex,18000000.0,Guzape
3,Apartment,7000000.0,Wuse
6,Duplex,15000000.0,Durumi
3,Apartment,15000000.0,Maitama
3,Apartment,5000000.0,Gwarinpa
2,Apartment,4000000.0,Gwarinpa
,Apartment,3500000.0,Asokoro
2,Apartment,6000000.0,Jahi
,Apartment,3000000.0,Garki
,Apartment,1700000.0,Wuse
,Apartment,2000000.0,Wuse
,Apartment,1300000.0,Gwarinpa
,Apartment,1500000.0,Kado
,Apartment,800000.0,Gwarinpa
,Apartment,1000000.0,Gwarinpa
2,Apartment,4000000.0,Life Camp
,Apartment,1500000.0,Wuse
,,1700000.0,Wuse
,,3570000.0,Jahi
,Apartment,2000000.0,Asokoro
4,Duplex,10000000.0,Garki
,Apartment,800000.0,Gwarinpa
,Apartment,2000000.0,Life Camp
,,2500000.0,Asokoro
6,Duplex,40000000.0,Asokoro
3,Apartment,10000000.0,Guzape
,Apartment,1500000.0,Gwarinpa
7,Duplex,50000000.0,Maitama
4,Duplex,35000000.0,Asokoro
4,Duplex,5000000.0,Life Camp
,,1700000.0,Gwarinpa
,Apartment,1500000.0,Gwarinpa
5,Duplex,35000000.0,Asokoro
4,Duplex,30000000.0,Wuse
,Apartment,1200000.0,Gwarinpa
4,Duplex,20000000.0,Wuye
,Apartment,1000000.0,Gwarinpa
4,Duplex,15000000.0,Gwarinpa
,Apartment,1500000.0,Gwarinpa
,,7000000.0,Wuse
4,Duplex,15000000.0,Kado
,Apartment,1400000.0,Gwarinpa
,Apartment,1000000.0,Gwarinpa
,Apartment,1300000.0,Gwarinpa
5,Duplex,15000000.0,Apo
4,Duplex,25000000.0,Wuse
4,Duplex,18000000.0,Jabi
4,Duplex,15000000.0,Katampe
4,Duplex,10000000.0,Mabushi
3,Apartment,5000000.0,Mabushi
,,9000000.0,Wuse
,Apartment,1500000.0,Gwarinpa
1,Apartment,6000000.0,Asokoro
4,Duplex,12000000.0,Guzape
,,4000000.0,Gwarinpa
,Apartment,1400000.0,Gwarinpa
3,Apartment,5000000.0,Garki
4,Duplex,25000000.0,Asokoro
,,1680000.0,Jahi
,Apartment,1500000.0,Gwarinpa
,,5000000.0,Wuse
,Apartment,1500000.0,Life Camp
,Apartment,1800000.0,Wuye
,Apartment,1500000.0,Jabi
,Apartment,2300000.0,Wuye
2,Apartment,9000000.0,Wuse
,Apartment,1800000.0,Wuye
,Apartment,2700000.0,Wuye
,Apartment,1300000.0,Wuse
,Apartment,2500000.0,Wuse
,Apartment,2000000.0,Wuye
,Apartment,2800000.0,Wuse
,Apartment,2200000.0,Wuye
,Apartment,2500000.0,Wuye
,Apartment,3000000.0,Garki
4,Duplex,12000000.0,Guzape
,,2500000.0,Asokoro
,Apartment,2500000.0,Asokoro
,,10000000.0,Wuse
,Apartment,1500000.0,Gwarinpa
,,3500000.0,Guzape
2,Apartment,10000000.0,Guzape
1,Apartment,2500000.0,Jabi
,Apartment,850000.0,Apo
4,Duplex,25000000.0,Asokoro
3,Apartment,10000000.0,Garki
4,Duplex,7000000.0,Kado
,,15000000.0,Wuse
,Duplex,120000000.0,Maitama
,Apartment,1300000.0,Gwarinpa
4,Duplex,9000000.0,Jahi
4,Duplex,25000000.0,Katampe
4,Duplex,10000000.0,Garki
,,99900000.0,Wuse
,Apartment,1700000.0,Gwarinpa
4,Duplex,12500000.0,Guzape
,,2000000.0,Wuse
4,Duplex,13000000.0,Guzape
3,Apartment,10000000.0,Utako
3,Apartment,8000000.0,Wuye
4,Bungalow,15000000.0,Wuse
4,Duplex,12000000.0,Guzape
4,Duplex,20000000.0,Guzape
4,Duplex,30000000.0,Maitama
4,Duplex,5000000.0,Life Camp
,Apartment,1900000.0,Gwarinpa
4,Duplex,20000000.0,Guzape
,Apartment,1000000.0,Gwarinpa
3,Apartment,8000000.0,Wuye
1,Apartment,3000000.0,Gwarinpa
,Apartment,1300000.0,Gwarinpa
,,9000000.0,Wuse
4,,280000000.0,Apo
1,Apartment,5000000.0,Asokoro
1,Apartment,5000000.0,Wuse
,,4000000.0,Utako
,,7000000.0,Wuse
4,Duplex,15000000.0,Utako
,,1300000.0,Gwarinpa
4,Duplex,25000000.0,Asokoro
,Apartment,2500000.0,Wuye
1,Apartment,4500000.0,Wuye
,Apartment,900000.0,Gwarinpa
,Apartment,1400000.0,Gwarinpa
,,6500000.0,Wuse
5,Duplex,30000000.0,Guzape
6,Duplex,20000000.0,Katampe
1,Apartment,6000000.0,Asokoro
4,Duplex,20000000.0,Wuye
4,Duplex,13000000.0,Mabushi
4,Duplex,12000000.0,Mabushi
3,Apartment,4500000.0,Gwarinpa
,,16000000.0,Wuse
4,Duplex,9000000.0,Guzape
,,1500000.0,Gwarinpa
,,7000000.0,Wuse
,,10880000.0,Jahi
,,1500000.0,Life Camp
2,Apartment,10000000.0,Guzape
,Apartment,1500000.0,Gwarinpa
,,2800000.0,Garki
3,Duplex,14000000.0,Jahi
3,Duplex,15000000.0,Garki
4,Duplex,20000000.0,Asokoro
4,Duplex,15000000.0,Jahi
4,Duplex,10000000.0,Garki
2,Apartment,8000000.0,Wuse
,Apartment,2000000.0,Utako
,Apartment,2000000.0,Wuse
,Apartment,2500000.0,Jabi
4,Duplex,17000000.0,Asokoro
2,Apartment,3500000.0,Life Camp
,,1900000.0,Jabi
,Apartment,1500000.0,Life Camp
,Apartment,1000000.0,Life Camp
,,2200000.0,Wuye
,,2500000.0,Asokoro
,Apartment,2500000.0,Guzape
4,Bungalow,15000000.0,Wuse
,Apartment,2500000.0,Asokoro
,Apartment,1200000.0,Wuse
2,,60000000.0,Kado
4,Duplex,15000000.0,Apo
4,Duplex,15000000.0,Guzape
4,Duplex,12000000.0,Jahi
4,Duplex,30000000.0,Guzape
4,Duplex,20000000.0,Apo
4,Duplex,15000000.0,Asokoro
4,Duplex,30000000.0,Wuse
4,Duplex,24000000.0,Asokoro
4,Duplex,18000000.0,Guzape
3,Bungalow,15000000.0,Wuse
6,Duplex,650000000.0,Gwarinpa
3,Apartment,16000000.0,Maitama
,,9000000.0,Wuse
3,Apartment,5700000.0,Mabushi
4,Duplex,12000000.0,Kado
3,Apartment,8000000.0,Jahi
5,Duplex,5500000.0,Lokogoma
4,Duplex,12000000.0,Mabushi
,,75000.0,Mabushi
2,Apartment,3000000.0,Life Camp
2,Apartment,3000000.0,Jabi
1,Apartment,2500000.0,Mabushi
,,2000000.0,Wuse
5,Duplex,30000000.0,Wuse
2,Apartment,6000000.0,Jabi
2,Apartment,4000000.0,Mabushi
,,1300000.0,Wuse
3,Apartment,10000000.0,Mabushi
3,Apartment,8500000.0,Mabushi
2,Apartment,6000000.0,Katampe
,,250000.0,Wuse
2,Apartment,3500000.0,Wuse
1,Apartment,3000000.0,Utako
3,Bungalow,5500000.0,Lokogoma
4,Duplex,13000000.0,Jahi
1,Apartment,3000000.0,Life Camp
2,Apartment,4500000.0,Gwarinpa
4,Duplex,10000000.0,Garki
3,Duplex,5500000.0,Lugbe
2,Bungalow,3000000.0,Gwarinpa
3,Bungalow,6500000.0,Life Camp
3,Apartment,8000000.0,Guzape
1,Apartment,4000000.0,Jahi
3,Duplex,5000000.0,Life Camp
3,Apartment,15000000.0,Wuse
,Apartment,600000.0,Lokogoma
,Apartment,600000.0,Lokogoma
,Apartment,650000.0,Lokogoma
,Apartment,500000.0,Lokogoma
,Apartment,700000.0,Lokogoma
4,Duplex,40000000.0,Maitama
1,Apartment,1200000.0,Lokogoma
4,Apartment,550000.0,Lokogoma
,Apartment,700000.0,Lokogoma
1,Apartment,1000000.0,Lokogoma
4,Bungalow,4500000.0,Lokogoma
4,Duplex,8000000.0,Kaura
3,Duplex,5500000.0,Apo
,Apartment,600000.0,Lokogoma
,Apartment,600000.0,Lokogoma
4,Duplex,5500000.0,Life Camp
4,Duplex,10000000.0,Gwarinpa
4,Duplex,12000000.0,Life Camp
4,Duplex,5500000.0,Life Camp
4,Duplex,10000000.0,Life Camp
4,Duplex,17000000.0,Jahi
4,Duplex,9000000.0,Idu
4,Duplex,7000000.0,Lugbe
2,Apartment,2500000.0,Lugbe
2,Apartment,3500000.0,Lugbe
2,Apartment,3000000.0,Lugbe
2,Apartment,2000000.0,Lugbe
1,Apartment,2500000.0,Lugbe
4,Duplex,6000000.0,Lugbe
4,Duplex,7000000.0,Lugbe
4,Duplex,5000000.0,Lugbe
1,Apartment,1900000.0,Lugbe
2,Apartment,2500000.0,Lugbe
3,Duplex,6000000.0,Lugbe
4,Duplex,9000000.0,Lugbe
6,Duplex,1100000000.0,Guzape
2,Apartment,3000000.0,Lugbe
4,Duplex,9000000.0,Lugbe
,Apartment,1200000.0,Lugbe
1,Apartment,1800000.0,Lugbe
,Apartment,900000.0,Lugbe
,Apartment,1000000.0,Lugbe
4,Duplex,6000000.0,Lugbe
,Apartment,900000.0,Lugbe
4,Duplex,9000000.0,Lugbe
4,Duplex,15000000.0,Guzape
4,Duplex,7000000.0,Lugbe
2,Apartment,4000000.0,Lugbe
4,Duplex,7000000.0,Lugbe
4,Duplex,13000000.0,Life Camp
,Apartment,1000000.0,Lugbe
,Apartment,1000000.0,Lugbe
2,Apartment,4000000.0,Lugbe
3,Duplex,3500000.0,Lugbe
,,2200000.0,Lugbe
4,Duplex,9000000.0,Lugbe
4,Duplex,9000000.0,Lugbe
4,Duplex,9000000.0,Lugbe
4,Duplex,5000000.0,Lugbe
4,Duplex,7000000.0,Lugbe
4,Duplex,9000000.0,Lugbe
4,Duplex,9000000.0,Lugbe
1,Apartment,2000000.0,Lugbe
4,Duplex,8000000.0,Lugbe
2,Apartment,2250000.0,Lugbe
2,Apartment,4000000.0,Lugbe
1,Apartment,2000000.0,Lugbe
4,Duplex,6000000.0,Lugbe
4,Duplex,5000000.0,Lugbe
,,56000000.0,Maitama
,,3033000.0,Jabi
2,,3000000.0,Lugbe
3,Apartment,8000000.0,Jahi
,Apartment,40000000.0,Maitama
6,Duplex,35000000.0,Katampe
,,27200000.0,Maitama
3,Apartment,8000000.0,Wuse
,,20000000.0,Idu
,,3600000.0,Jabi
3,Duplex,12000000.0,Wuye
,,13000000.0,Jabi
2,Apartment,6000000.0,Jabi
2,Apartment,7000000.0,Maitama
4,Duplex,17000000.0,Guzape
4,Duplex,15000000.0,Jahi
4,Duplex,12000000.0,Jahi
4,Apartment,12000000.0,Katampe
100,,8000000.0,Jabi
600,,42000000.0,Jahi
,,6000000.0,Katampe
4,Duplex,12000000.0,Katampe
600,,45000000.0,Jahi
2,,7000000.0,Katampe
4,Duplex,14000000.0,Life Camp
,,5000000.0,Gwarinpa
4,Duplex,16000000.0,Jahi
5,Duplex,25000000.0,Maitama
200,,50000000.0,Wuse
,,10000000.0,Jabi
4,Duplex,15000000.0,Jahi
3,Apartment,9000000.0,Jahi
4,Duplex,12000000.0,Katampe
2,Apartment,25000000.0,Maitama
3,Apartment,6000000.0,Garki
5,Duplex,13000000.0,Life Camp
3,,5000000.0,Lugbe
2,,5000000.0,Jabi
3,,9000000.0,Jahi
5,Duplex,100000000.0,Asokoro
5,,20000000.0,Maitama
127,,250000.0,Wuse
3,,5500000.0,Lugbe
5,,30000000.0,Utako
4,,12000000.0,Mabushi
,,100000.0,Garki
3,Apartment,25000000.0,Katampe
5,,50000000.0,Maitama
4,,25000000.0,Katampe
1,,2300000.0,Life Camp
3,,13000000.0,Durumi
4,Duplex,18000000.0,Utako
2,,4000000.0,Kaura
2,,2300000.0,Idu
2,Apartment,12000000.0,Maitama
,,27200000.0,Maitama
4,Duplex,7000000.0,Gwarinpa
4,Duplex,12000000.0,Gwarinpa
,,7000000.0,Gwarinpa
,Apartment,1500000.0,Gwarinpa
,,15000000.0,Idu
1,Apartment,2500000.0,Gwarinpa
3,Apartment,6000000.0,Gwarinpa
,,5000000.0,Gwarinpa
,,5000000.0,Gwarinpa
1,Apartment,3500000.0,Gwarinpa
5,,9000000.0,Gwarinpa
,,8000000.0,Gwarinpa
,,5000000.0,Gwarinpa
,,12000000.0,Gwarinpa
4,Duplex,12000000.0,Gwarinpa
,Apartment,1700000.0,Gwarinpa
2,Apartment,5000000.0,Gwarinpa
4,Duplex,15000000.0,Gwarinpa
,Apartment,1500000.0,Gwarinpa
,,5500000.0,Gwarinpa
,,12000000.0,Gwarinpa
2,Apartment,9500000.0,Maitama
,,6000000.0,Gwarinpa
4,Duplex,15000000.0,Jahi
,Apartment,1400000.0,Gwarinpa
4,Duplex,10000000.0,Gwarinpa
4,Duplex,12000000.0,Gwarinpa
,,5000000.0,Gwarinpa
,,4000000.0,Gwarinpa
,,10000000.0,Gwarinpa
,,5000000.0,Gwarinpa
,Apartment,1500000.0,Gwarinpa
,Apartment,1600000.0,Gwarinpa
,,12000000.0,Gwarinpa
4,Duplex,18000000.0,Gwarinpa
,Apartment,1700000.0,Gwarinpa
,,7000000.0,Wuse
3,Apartment,4500000.0,Gwarinpa
4,Duplex,9000000.0,Gwarinpa
,,3500000.0,Gwarinpa
4,Duplex,12000000.0,Gwarinpa
6,Duplex,1100000000.0,Guzape
4,Duplex,11000000.0,Gwarinpa
4,Duplex,10000000.0,Life Camp
,,3500000.0,Gwarinpa
,,3500000.0,Gwarinpa
5,Duplex,20000000.0,Gwarinpa
4,Duplex,15000000.0,Asokoro
3,Duplex,8000000.0,Gwarinpa
4,Duplex,7000000.0,Gwarinpa
,Apartment,1200000.0,Gwarinpa
3,Apartment,20000000.0,Maitama
6,Apartment,1800000000.0,Asokoro
5,Duplex,80000000.0,Asokoro
4,Duplex,30000000.0,Asokoro
4,Duplex,20000000.0,Asokoro
2,Apartment,12000000.0,Katampe
4,Duplex,8000000.0,Idu
,Apartment,5500000.0,Jahi
3,Apartment,10000000.0,Guzape
3,Apartment,10000000.0,Guzape
2,Duplex,9000000.0,Guzape
2,Apartment,700000.0,Karshi
3,Apartment,5500000.0,Wuye
2,Apartment,8000000.0,Guzape
1,Apartment,2000000.0,Lugbe
2,Apartment,3000000.0,Lugbe
2,Duplex,6000000.0,Life Camp
1,Apartment,3000000.0,Life Camp
3,Apartment,11000000.0,Mabushi
4,Duplex,18000000.0,Guzape
2,Apartment,5000000.0,Life Camp
4,Duplex,17000000.0,Guzape
2,Apartment,7500000.0,Guzape
2,Apartment,13000000.0,Guzape
4,Duplex,6500000.0,Idu
3,Apartment,4500000.0,Life Camp
3,Apartment,5000000.0,Life Camp
3,Apartment,12000000.0,Guzape
4,Duplex,35000000.0,Maitama
3,Apartment,10000000.0,Wuse
4,Apartment,13500000.0,Jahi
5,Apartment,50000000.0,Asokoro
,,1500000.0,Garki
,,5000000.0,Wuse
,,3800000.0,Wuse
30,,800000.0,Wuye
70,,2500000.0,Apo
55,,5700000.0,Wuse
,,1900000.0,Apo
,,15000000.0,Mabushi
,,5000000.0,Wuse
,,30000000.0,Wuse
70,,7500000.0,Wuse
173,,7100000.0,Apo
4,Duplex,13500000.0,Mabushi
4,Duplex,15000000.0,Mabushi
4,Duplex,12000000.0,Mabushi
4,Duplex,20000000.0,Katampe
4,Duplex,20000000.0,Katampe
,,17650500.0,Wuse
,,8000000.0,Wuse
,,19000000.0,Wuse
4,Duplex,30000000.0,Wuse
357,,65000000.0,Wuse
60,,13000000.0,Wuse
4,Duplex,28000000.0,Wuse
90,,25000000.0,Wuse
,,10500000.0,Wuse
3,Apartment,13000000.0,Wuse
50,,12000000.0,Wuse
3,Apartment,35000000.0,Wuse
,,52000000.0,Wuse
3,Apartment,9000000.0,Wuse
420,Apartment,63700000.0,Wuse
2,Apartment,13000000.0,Wuse
500,,65000000.0,Gwarinpa
75,,19500000.0,Wuse
2,Apartment,15500000.0,Wuse
2,Duplex,25000000.0,Wuse
45,,12500000.0,Wuse
3,Duplex,94847900.0,Wuse
3,,10000000.0,Wuse
,,123500000.0,Wuse
,,100000000.0,Wuse
,,2000000.0,Garki
,Apartment,1200000.0,Garki
3,Apartment,8000000.0,Katampe
,Apartment,1400000.0,Garki
2,Apartment,4500000.0,Garki
,,15000000.0,Garki
2,Apartment,3200000.0,Garki
4,Duplex,15000000.0,Jahi
,,5000000.0,Guzape
4,Duplex,15000000.0,Life Camp
4,Duplex,12000000.0,Mabushi
4,Duplex,15000000.0,Guzape
6,,180000000.0,Wuse
4,Duplex,10000000.0,Mabushi
4,Duplex,13000000.0,Jahi
4,Duplex,13000000.0,Jahi
4,Duplex,15000000.0,Guzape
3,Apartment,8000000.0,Kado
4,Duplex,8000000.0,Life Camp
3,Apartment,5000000.0,Katampe
3,Apartment,8000000.0,Gwarinpa
3,Apartment,10500000.0,Wuye
3,Apartment,9000000.0,Mabushi
3,Apartment,6500000.0,Kado
2,Apartment,7000000.0,Jahi
2,Apartment,5000000.0,Jahi
2,Apartment,5500000.0,Katampe
4,Duplex,15000000.0,Jahi
3,Apartment,7000000.0,Jahi
4,Duplex,25000000.0,Jabi
4,Duplex,12000000.0,Jahi
2,,5000000.0,Jahi
3,Apartment,7000000.0,Katampe
1150,,46000000.0,Idu
4,Duplex,15000000.0,Guzape
3,Apartment,4500000.0,Lokogoma
3,Apartment,7000000.0,Jahi
5,Duplex,16000000.0,Jahi
2,Apartment,6000000.0,Katampe
4,Duplex,20000000.0,Wuye
4,Duplex,12000000.0,Guzape
2,Apartment,5000000.0,Mabushi
4,Duplex,7500000.0,Life Camp
4,Duplex,12000000.0,Gwarinpa
4,Duplex,9000000.0,Life Camp
4,Duplex,15000000.0,Kado
4,Duplex,15000000.0,Wuye
6,Duplex,20000000.0,Kado
2,Apartment,6000000.0,Katampe
3,Duplex,20000000.0,Guzape
5,Duplex,15000000.0,Idu
3,Apartment,9000000.0,Jahi
4,Duplex,15000000.0,Mabushi
2,Apartment,6000000.0,Life Camp
3,Apartment,3500000.0,Life Camp
3,Duplex,10000000.0,Kado
4,Duplex,15000000.0,Jahi
3,Duplex,15000000.0,Life Camp
4,Duplex,4500000.0,Lugbe
4,Duplex,75000000.0,Maitama
3,Apartment,10000000.0,Jahi
3,Apartment,8000000.0,Jahi
4,Duplex,50000000.0,Maitama
4,Duplex,25000000.0,Kado
4,Duplex,17000000.0,Wuye
4,Duplex,50000000.0,Maitama
6,Apartment,25000000.0,Maitama
4,Duplex,16000000.0,Guzape
4,Duplex,20000000.0,Wuse
4,Duplex,15000000.0,Mabushi
3,Apartment,7000000.0,Apo
3,Apartment,8000000.0,Gwarinpa
4,Duplex,8000000.0,Life Camp
4,Duplex,20000000.0,Wuye
3,Duplex,7000000.0,Gwarinpa
4,Duplex,13000000.0,Jahi
5,Duplex,16000000.0,Jahi
4,Duplex,10000000.0,Jahi
3,Apartment,7000000.0,Jahi
4,Duplex,15000000.0,Jahi
4,Duplex,15000000.0,Guzape
4,Duplex,10000000.0,Mabushi
2,Apartment,7000000.0,Jahi
3,Apartment,5000000.0,Katampe
4,Duplex,25000000.0,Jabi
3,Apartment,7000000.0,Jahi
2,Apartment,5000000.0,Jahi
4,Duplex,18000000.0,Jahi
4,Duplex,13000000.0,Jahi
2,Apartment,5500000.0,Katampe
3,Apartment,4500000.0,Lokogoma
2,Apartment,5000000.0,Jahi
3,Apartment,6500000.0,Kado
4,Duplex,15000000.0,Guzape
,,5000000.0,Guzape
,,12000000.0,Mabushi
4,Duplex,12000000.0,Guzape
,Apartment,2000000.0,Gwarinpa
3,Apartment,8000000.0,Kado
4,Duplex,15000000.0,Life Camp
2,Apartment,7000000.0,Katampe
6,Apartment,25000000.0,Maitama
3,Apartment,10500000.0,Wuye
,Apartment,1500000.0,Life Camp
5,Duplex,18000000.0,Jahi
4,Duplex,12000000.0,Guzape
3,,6000000.0,Katampe
2,Apartment,6000000.0,Katampe
4,Duplex,16000000.0,Jahi
2,Apartment,10000000.0,Mabushi
4,Duplex,15000000.0,Jahi
4,Duplex,35000000.0,Wuse
,,73500000.0,Wuse
,,10000000.0,Wuse
122,,14640000.0,Wuse
,,20000000.0,Apo
4,Duplex,9000000.0,Idu
5,,60000000.0,Maitama
,,10230000.0,Wuse
,,4500000.0,Wuse
,,11000000.0,Wuse
40,,7000000.0,Wuse
,,9000000.0,Guzape
4,Duplex,7000000.0,Life Camp
4,Duplex,16000000.0,Jahi
4,Duplex,20000000.0,Wuse
4,Duplex,55000000.0,Jabi
4,Duplex,18000000.0,Katampe
,,25000000.0,Katampe
,,8500000.0,Jahi
,,15000000.0,Wuse
,,19000000.0,Maitama
,,199000.0,Wuse
6,Duplex,1000000000.0,Kado
4,Duplex,15000000.0,Jahi
5,Duplex,20000000.0,Wuye
4,Duplex,20000000.0,Katampe
4,Duplex,12000000.0,Garki
6,Duplex,35000000.0,Katampe
4,Duplex,35000000.0,Gwarinpa
3,Apartment,8500000.0,Jahi
4,Duplex,15000000.0,Utako
2,Apartment,5000000.0,Life Camp
4,Apartment,8000000.0,Jahi
4,Duplex,8000000.0,Lugbe
4,Duplex,12000000.0,Garki
3,Apartment,9000000.0,Jahi
4,Duplex,35000000.0,Maitama
6,Duplex,60000000.0,Maitama
3,Apartment,19000000.0,Maitama
6,Duplex,35000000.0,Katampe
3,Bungalow,15000000.0,Wuse
4,Duplex,15000000.0,Guzape
4,Duplex,18000000.0,Utako
4,Duplex,15000000.0,Kado
4,Duplex,10000000.0,Katampe
4,Duplex,40000000.0,Wuse
6,Duplex,50000000.0,Maitama
4,Duplex,35000000.0,Wuse
4,Duplex,8000000.0,Jabi
4,Duplex,25000000.0,Katampe
4,Duplex,25000000.0,Katampe
4,Duplex,30000000.0,Guzape
3,Apartment,4000000.0,Life Camp
4,Duplex,25000000.0,Katampe
5,Duplex,45000000.0,Maitama
4,Duplex,10000000.0,Life Camp
4,Duplex,15000000.0,Mabushi
6,Apartment,5000000.0,Jahi
3,Apartment,5500000.0,Wuye
5,Duplex,18000000.0,Wuse
3,Apartment,9000000.0,Jahi
4,Apartment,72000000.0,Wuse
,,1500000.0,Maitama
1,Apartment,2500000.0,Maitama
,,15000000.0,Wuse
1,Apartment,3500000.0,Wuse
3,Apartment,7000000.0,Kado
3,Duplex,10000000.0,Kado
2,Apartment,4500000.0,Durumi
5,Duplex,25000000.0,Maitama
4,Duplex,350000000.0,Mabushi
,,100000000.0,Asokoro
4,,10000000.0,Apo
5,,40000000.0,Guzape
4,,10000000.0,Life Camp
3,Apartment,6000000.0,Kaura
5,Duplex,22000000.0,Gwarinpa
62,,4500000.0,Jabi
1,,3000000.0,Life Camp
,,1200000.0,Utako
75,,5000000.0,Maitama
,,2000000.0,Wuse
,Apartment,1500000.0,Gwarinpa
,,7000000.0,Gwarinpa
4,Bungalow,1500000.0,Karshi
3,Apartment,8000000.0,Guzape
2,Apartment,8000000.0,Garki
,,1300000.0,Gwarinpa
,Apartment,1000000.0,Gwarinpa
,Apartment,1200000.0,Gwarinpa
,Apartment,1300000.0,Gwarinpa
,,3000000.0,Garki
,Apartment,750000.0,Gwarinpa
4,Bungalow,85000000.0,Lugbe
3,Duplex,7000000.0,Gwarinpa
,Apartment,1500000.0,Gwarinpa
3,Bungalow,9500000.0,Gwarinpa
,Apartment,1200000.0,Life Camp
,Apartment,2000000.0,Gwarinpa
4,Duplex,20000000.0,Jabi
4,Duplex,25000000.0,Katampe
4,Duplex,20000000.0,Jahi
4,Duplex,20000000.0,Wuse
4,Apartment,85000000.0,Jabi
4,Duplex,16000000.0,Guzape
3,Apartment,13000000.0,Jahi
3,Apartment,10000000.0,Guzape
6,Duplex,67748500.0,Wuse
4,Duplex,15000000.0,Guzape
3,Duplex,75000000.0,Maitama
3,Apartment,10000000.0,Wuse
130,,7800000.0,Garki
4,Apartment,50000000.0,Maitama
,,66600000.0,Wuse
,Duplex,30000000.0,Wuse
4,Duplex,15000000.0,Asokoro
,Apartment,150000.0,Wuse
3,Apartment,6500000.0,Katampe
5,Duplex,20000000.0,Kado
4,Duplex,35000000.0,Wuse
4,Duplex,25000000.0,Mabushi
,,250000000.0,Jabi
,Apartment,2000000.0,Wuse
,Apartment,1200000.0,Gwarinpa
3,Apartment,8000000.0,Jahi
3,Apartment,3500000.0,Lugbe
,Apartment,1500000.0,Gwarinpa
5,,150000000.0,Asokoro
4,Duplex,25000000.0,Asokoro
3,Apartment,15000000.0,Maitama
5,Duplex,18000000.0,Asokoro
3,Apartment,7500000.0,Mabushi
30,,1000000.0,Utako
38,,850000.0,Utako
4,Duplex,12000000.0,Guzape
5,Duplex,50000000.0,Maitama
4,Duplex,30000000.0,Asokoro
5,Duplex,20000000.0,Wuse
600,,42000000.0,Mabushi
4,Duplex,20000000.0,Mabushi
2,Apartment,13500000.0,Wuse
,,55300000.0,Wuse
,,23100000.0,Wuse
,,20000000.0,Katampe
4,Duplex,12000000.0,Mabushi
600,,42000000.0,Mabushi
6,Apartment,75000000.0,Jahi
4,Duplex,16000000.0,Jahi
6,Apartment,54000000.0,Jahi
4,Duplex,27000000.0,Asokoro
4,Duplex,10000000.0,Jahi
2,,1500000.0,Wuse
4,Duplex,25000000.0,Maitama
3,Apartment,7000000.0,Wuye
,Apartment,1600000.0,Garki
1,,75000.0,Mabushi
2,,25000000.0,Asokoro
3,Apartment,5000000.0,Life Camp
4,Duplex,7000000.0,Lugbe
,Duplex,15000000.0,Guzape
4,Duplex,35000000.0,Asokoro
,,115000000.0,Wuse
62,,5500000.0,Jabi
,,70000000.0,Maitama
,,8000000.0,Jahi
4,Duplex,12000000.0,Jahi
3,Apartment,9000000.0,Mabushi
3,Apartment,25000000.0,Wuse
,,6000000.0,Wuse
4,Duplex,8000000.0,Idu
4,Duplex,12000000.0,Jahi
4,Duplex,15000000.0,Apo
,Apartment,4000000.0,Guzape
165,,40000000.0,Wuse
,,3500000.0,Wuse
,,16000000.0,Wuse
,Apartment,1500000.0,Wuse
4,Duplex,15000000.0,Wuye
4,Duplex,16000000.0,Guzape
4,Duplex,300000000.0,Jahi
4,Duplex,50000000.0,Maitama
4,Duplex,25000000.0,Maitama
4,Duplex,12000000.0,Gwarinpa
,Apartment,1500000.0,Jabi
,Apartment,2000000.0,Gwarinpa
1,Apartment,3000000.0,Mabushi
,Apartment,1500000.0,Gwarinpa
3,Apartment,6000000.0,Katampe
2,Apartment,3700000.0,Garki
2,Apartment,3700000.0,Garki
,,2700000.0,Wuse
